,Título,Género,Enlace,Tiene Letra,Tiene Partitura,Tiene Video,Tiene Audio,Downloaded
16,A dúo con la vida,Vals,https://www.todotango.com/musica/tema/6534/A-duo-con-la-vida/,True,False,False,False,True
34,A la puerta del viejo colegio,Vals,https://www.todotango.com/musica/tema/6235/A-la-puerta-del-viejo-colegio/,True,False,False,False,True
43,A los payadores,Vals,https://www.todotango.com/musica/tema/4305/A-los-payadores/,True,False,False,False,True
44,A Magaldi,Vals,https://www.todotango.com/musica/tema/4682/A-Magaldi/,True,False,False,False,True
46,A María Rosa,Vals,https://www.todotango.com/musica/tema/7186/A-Maria-Rosa/,True,False,False,False,True
56,A mi madre [b],Vals,https://www.todotango.com/musica/tema/4180/A-mi-madre-[b]/,True,True,False,True,True
67,A mi padre,Vals,https://www.todotango.com/musica/tema/733/A-mi-padre/,True,False,False,False,True
69,A mi primera novia,Vals,https://www.todotango.com/musica/tema/1001/A-mi-primera-novia/,True,False,False,False,True
73,A mis amigos armenios,Vals,https://www.todotango.com/musica/tema/9688/A-mis-amigos-armenios/,True,False,False,False,True
94,A su memoria,Vals,https://www.todotango.com/musica/tema/272/A-su-memoria/,True,True,False,True,True
98,A tu lado María,Vals,https://www.todotango.com/musica/tema/5903/A-tu-lado-Maria/,True,True,False,False,True
99,A tu memoria madrecita,Vals,https://www.todotango.com/musica/tema/2075/A-tu-memoria-madrecita/,True,False,False,False,True
111,Abrazados,Vals,https://www.todotango.com/musica/tema/10055/Abrazados/,True,False,False,False,True
113,Absurdo,Vals,https://www.todotango.com/musica/tema/200/Absurdo/,True,True,True,True,True
121,Acordándome de vos,Vals,https://www.todotango.com/musica/tema/3600/Acordandome-de-vos/,True,False,False,False,True
122,Acordate,Vals,https://www.todotango.com/musica/tema/1893/Acordate/,True,False,False,False,True
128,Acuérdate de mí [b],Vals,https://www.todotango.com/musica/tema/6597/Acuerdate-de-mi-[b]/,True,False,False,False,True
130,Adela,Vals,https://www.todotango.com/musica/tema/6270/Adela/,True,True,False,False,True
132,Adelina,Vals,https://www.todotango.com/musica/tema/1855/Adelina/,True,False,False,False,True
136,Adiós [c],Vals,https://www.todotango.com/musica/tema/3335/Adios-[c]/,True,False,False,False,True
147,Adiós juventud,Vals,https://www.todotango.com/musica/tema/6499/Adios-juventud/,True,True,False,False,True
167,Adoración [c],Vals,https://www.todotango.com/musica/tema/5684/Adoracion-[c]/,True,True,False,False,True
191,Ahora tengo un amor,Vals,https://www.todotango.com/musica/tema/3165/Ahora-tengo-un-amor/,True,False,False,False,True
192,Aída,Vals,https://www.todotango.com/musica/tema/6254/Aida/,True,True,False,False,True
196,Al amparo de tus ojos,Vals,https://www.todotango.com/musica/tema/7671/Al-amparo-de-tus-ojos/,True,True,False,False,True
197,Al calor de tus besos,Vals,https://www.todotango.com/musica/tema/1334/Al-calor-de-tus-besos/,True,False,False,False,True
204,Al girar del vals,Vals,https://www.todotango.com/musica/tema/8740/Al-girar-del-vals/,True,False,False,False,True
206,Al maestro de canto,Vals,https://www.todotango.com/musica/tema/6943/Al-maestro-de-canto/,True,False,False,False,True
210,Al pie de tu reja,Vals,https://www.todotango.com/musica/tema/3782/Al-pie-de-tu-reja/,True,True,False,False,True
212,Al son de las campanas,Vals,https://www.todotango.com/musica/tema/4547/Al-son-de-las-campanas/,True,True,False,False,True
227,Alejandrina,Vals,https://www.todotango.com/musica/tema/5949/Alejandrina/,True,False,False,False,True
243,Alicia,Vals,https://www.todotango.com/musica/tema/3362/Alicia/,True,True,False,True,True
251,Alma criolla (A Nelly Omar),Vals,https://www.todotango.com/musica/tema/7944/Alma-criolla-A-Nelly-Omar/,True,False,False,False,True
263,Alma gaucha,Vals,https://www.todotango.com/musica/tema/6227/Alma-gaucha/,True,True,False,False,True
266,Alma mía,Vals,https://www.todotango.com/musica/tema/741/Alma-mia/,True,False,False,False,True
284,Alzame en tus brazos,Vals,https://www.todotango.com/musica/tema/2753/Alzame-en-tus-brazos/,True,False,False,False,True
285,Ama,Vals,https://www.todotango.com/musica/tema/6410/Ama/,True,False,False,False,True
290,Amante corazón,Vals,https://www.todotango.com/musica/tema/1739/Amante-corazon/,True,True,False,True,True
301,Amasijo habitual,Vals,https://www.todotango.com/musica/tema/7139/Amasijo-habitual/,True,True,False,False,True
310,Amor [b],Vals,https://www.todotango.com/musica/tema/2972/Amor-[b]/,True,False,False,False,True
311,Amor al viento,Vals,https://www.todotango.com/musica/tema/8157/Amor-al-viento/,True,False,False,False,True
313,Amor con amor se paga [b],Vals,https://www.todotango.com/musica/tema/6021/Amor-con-amor-se-paga-[b]/,True,False,False,False,True
316,Amor de estudiante,Vals,https://www.todotango.com/musica/tema/4901/Amor-de-estudiante/,True,True,False,False,True
327,Amor es amar,Vals,https://www.todotango.com/musica/tema/3415/Amor-es-amar/,True,True,False,False,True
339,Amor y celos,Vals,https://www.todotango.com/musica/tema/3235/Amor-y-celos/,True,True,True,False,True
340,Amor y celos [Padula],Vals,https://www.todotango.com/musica/tema/6151/Amor-y-celos-[Padula]/,True,False,False,False,True
342,Amor y sacrificio,Vals,https://www.todotango.com/musica/tema/6607/Amor-y-sacrificio/,True,True,False,False,True
346,Amor y vals,Vals,https://www.todotango.com/musica/tema/2047/Amor-y-vals/,True,False,False,True,True
347,Amores de estudiante,Vals,https://www.todotango.com/musica/tema/210/Amores-de-estudiante/,True,True,True,True,True
348,Amores de patio,Vals,https://www.todotango.com/musica/tema/5860/Amores-de-patio/,True,False,False,False,True
360,Angelita,Vals,https://www.todotango.com/musica/tema/7208/Angelita/,True,False,False,False,True
367,Añoranzas,Vals,https://www.todotango.com/musica/tema/3263/Anoranzas/,True,True,False,True,True
376,Antes,Vals,https://www.todotango.com/musica/tema/2425/Antes/,True,True,False,True,True
417,Aquellos ojos,Vals,https://www.todotango.com/musica/tema/6405/Aquellos-ojos/,True,False,False,False,True
419,Aquellos quince años,Vals,https://www.todotango.com/musica/tema/3856/Aquellos-quince-anos/,True,False,False,False,True
446,Aromas del Cairo,Vals,https://www.todotango.com/musica/tema/3262/Aromas-del-Cairo/,True,False,False,False,True
470,Así que está de Dios,Vals,https://www.todotango.com/musica/tema/9467/Asi-que-esta-de-Dios/,True,True,False,False,True
481,Atardecer en París,Vals,https://www.todotango.com/musica/tema/8894/Atardecer-en-Paris/,True,False,False,False,True
491,Aunque seas mujer,Vals,https://www.todotango.com/musica/tema/2903/Aunque-seas-mujer/,True,False,False,False,True
494,Ausencia [d],Vals,https://www.todotango.com/musica/tema/1780/Ausencia-[d]/,True,False,False,False,True
512,Ay Elena,Vals,https://www.todotango.com/musica/tema/5128/Ay-Elena/,True,True,False,True,True
514,Ay mi nena,Vals,https://www.todotango.com/musica/tema/3253/Ay-mi-nena/,True,True,False,False,True
534,Bailarina rota,Vals,https://www.todotango.com/musica/tema/10125/Bailarina-rota/,True,False,False,False,True
547,Bajo el cielo azul,Vals,https://www.todotango.com/musica/tema/3664/Bajo-el-cielo-azul/,True,True,False,False,True
549,Bajo el parral,Vals,https://www.todotango.com/musica/tema/9530/Bajo-el-parral/,True,False,False,False,True
552,Bajo un cielo de estrellas,Vals,https://www.todotango.com/musica/tema/314/Bajo-un-cielo-de-estrellas/,True,True,True,True,True
557,Balada para un porteño viejo,Vals,https://www.todotango.com/musica/tema/2323/Balada-para-un-porteno-viejo/,True,False,False,False,True
589,Barreras de amor,Vals,https://www.todotango.com/musica/tema/4298/Barreras-de-amor/,True,True,False,True,True
630,Besos muertos,Vals,https://www.todotango.com/musica/tema/8040/Besos-muertos/,True,False,False,False,True
652,Blues del sur,Vals,https://www.todotango.com/musica/tema/6183/Blues-del-sur/,True,False,False,False,True
653,Blusa blanca,Vals,https://www.todotango.com/musica/tema/4133/Blusa-blanca/,True,False,False,False,True
740,Cabeza de novia,Vals,https://www.todotango.com/musica/tema/5871/Cabeza-de-novia/,True,False,False,False,True
782,Calandrias y zorzales,Vals,https://www.todotango.com/musica/tema/4727/Calandrias-y-zorzales/,True,True,False,False,True
817,Caminito de la iglesia,Vals,https://www.todotango.com/musica/tema/7882/Caminito-de-la-iglesia/,True,True,False,False,True
838,Canción de amor,Vals,https://www.todotango.com/musica/tema/6084/Cancion-de-amor/,True,True,False,False,True
884,Cantinera,Vals,https://www.todotango.com/musica/tema/3420/Cantinera/,True,False,False,True,True
887,Canto a mi nena,Vals,https://www.todotango.com/musica/tema/6961/Canto-a-mi-nena/,True,False,False,False,True
890,Canto de los ángeles,Vals,https://www.todotango.com/musica/tema/7901/Canto-de-los-angeles/,True,True,False,False,True
907,Capullo de miel,Vals,https://www.todotango.com/musica/tema/6765/Capullo-de-miel/,True,False,False,False,True
912,Caracola,Vals,https://www.todotango.com/musica/tema/5814/Caracola/,True,False,False,False,True
924,Caricias perdidas,Vals,https://www.todotango.com/musica/tema/5863/Caricias-perdidas/,True,False,False,True,True
927,Cariño [b],Vals,https://www.todotango.com/musica/tema/3445/Carino-[b]/,True,True,False,False,True
937,Carmen,Vals,https://www.todotango.com/musica/tema/3222/Carmen/,True,True,False,False,True
952,Carrousel,Vals,https://www.todotango.com/musica/tema/2020/Carrousel/,True,False,False,False,True
959,Cartas a Marta,Vals,https://www.todotango.com/musica/tema/6273/Cartas-a-Marta/,True,False,False,False,True
961,Cartas de amor [c],Vals,https://www.todotango.com/musica/tema/781/Cartas-de-amor-[c]/,True,False,False,False,True
968,Caserón de tejas,Vals,https://www.todotango.com/musica/tema/68/Caseron-de-tejas/,True,True,True,True,True
974,Castigo [c],Vals,https://www.todotango.com/musica/tema/7790/Castigo-[c]/,True,True,False,False,True
975,Castigo [d],Vals,https://www.todotango.com/musica/tema/6414/Castigo-[d]/,True,False,False,False,True
983,Celia [b],Vals,https://www.todotango.com/musica/tema/9809/Celia-[b]/,True,True,False,False,True
986,Celosa [b],Vals,https://www.todotango.com/musica/tema/1026/Celosa-[b]/,True,True,False,True,True
992,Cercos de madreselva,Vals,https://www.todotango.com/musica/tema/6701/Cercos-de-madreselva/,True,False,False,False,True
996,Cerraste los ojos (Y yo te besé),Vals,https://www.todotango.com/musica/tema/4492/Cerraste-los-ojos-Y-yo-te-bese/,True,False,False,False,True
1011,Charlamos después,Vals,https://www.todotango.com/musica/tema/9297/Charlamos-despues/,True,False,False,False,True
1031,Che Gordo,Vals,https://www.todotango.com/musica/tema/8078/Che-Gordo/,True,False,False,False,True
1047,Chiquita [c],Vals,https://www.todotango.com/musica/tema/6330/Chiquita-[c]/,True,True,False,False,True
1072,Cimarrona,Vals,https://www.todotango.com/musica/tema/528/Cimarrona/,True,False,False,False,True
1077,Ciruelas y almendras,Vals,https://www.todotango.com/musica/tema/9259/Ciruelas-y-almendras/,True,False,False,False,True
1087,Clarisa,Vals,https://www.todotango.com/musica/tema/1135/Clarisa/,True,False,False,False,True
1120,Como en un cuento,Vals,https://www.todotango.com/musica/tema/3865/Como-en-un-cuento/,True,False,False,False,True
1126,Como la margarita,Vals,https://www.todotango.com/musica/tema/2224/Como-la-margarita/,True,False,False,False,True
1130,Como las nubes,Vals,https://www.todotango.com/musica/tema/6111/Como-las-nubes/,True,False,False,False,True
1150,Como todas,Vals,https://www.todotango.com/musica/tema/3806/Como-todas/,True,True,False,False,True
1155,Como yo te he querido,Vals,https://www.todotango.com/musica/tema/6610/Como-yo-te-he-querido/,True,False,False,False,True
1159,Compañera de facultad,Vals,https://www.todotango.com/musica/tema/5690/Companera-de-facultad/,True,False,False,False,True
1162,Compro,Vals,https://www.todotango.com/musica/tema/8745/Compro/,True,False,False,False,True
1169,Con el fulgor de tu mirar,Vals,https://www.todotango.com/musica/tema/6927/Con-el-fulgor-de-tu-mirar/,True,False,False,False,True
1170,Con ella en el mar,Vals,https://www.todotango.com/musica/tema/3049/Con-ella-en-el-mar/,True,True,False,True,True
1227,Corazón de oro,Vals,https://www.todotango.com/musica/tema/2797/Corazon-de-oro/,True,True,False,True,True
1249,Cortando camino,Vals,https://www.todotango.com/musica/tema/2365/Cortando-camino/,True,False,False,True,True
1253,Cosas de viejo,Vals,https://www.todotango.com/musica/tema/6832/Cosas-de-viejo/,True,False,False,False,True
1266,Crepúsculo,Vals,https://www.todotango.com/musica/tema/7859/Crepusculo/,True,True,False,True,True
1279,Cuando el amor insiste,Vals,https://www.todotango.com/musica/tema/4634/Cuando-el-amor-insiste/,True,False,False,False,True
1286,Cuando estaba enamorado,Vals,https://www.todotango.com/musica/tema/3161/Cuando-estaba-enamorado/,True,False,False,False,True
1294,Cuando lloran los violines,Vals,https://www.todotango.com/musica/tema/4865/Cuando-lloran-los-violines/,True,False,False,False,True
1297,Cuando miran tus ojos,Vals,https://www.todotango.com/musica/tema/2202/Cuando-miran-tus-ojos/,True,False,False,True,True
1307,Cuando te miro,Vals,https://www.todotango.com/musica/tema/5965/Cuando-te-miro/,True,True,False,False,True
1347,Damisela encantadora,Vals,https://www.todotango.com/musica/tema/3710/Damisela-encantadora/,True,False,False,False,True
1368,De gorrión a gorrión,Vals,https://www.todotango.com/musica/tema/3094/De-gorrion-a-gorrion/,True,False,False,False,True
1375,De los dos,Vals,https://www.todotango.com/musica/tema/2039/De-los-dos/,True,False,False,False,True
1391,De prestado,Vals,https://www.todotango.com/musica/tema/5115/De-prestado/,True,False,False,False,True
1411,De vos y de mí,Vals,https://www.todotango.com/musica/tema/8330/De-vos-y-de-mi/,True,False,False,False,True
1412,De vuelta,Vals,https://www.todotango.com/musica/tema/5554/De-vuelta/,True,False,False,False,True
1423,Decime que volvés,Vals,https://www.todotango.com/musica/tema/7569/Decime-que-volves/,True,False,False,False,True
1449,Del salón en el ángulo oscuro,Vals,https://www.todotango.com/musica/tema/6197/Del-salon-en-el-angulo-oscuro/,True,False,False,False,True
1454,Delantal [b],Vals,https://www.todotango.com/musica/tema/530/Delantal-[b]/,True,False,False,False,True
1455,Delantal de colegio,Vals,https://www.todotango.com/musica/tema/3858/Delantal-de-colegio/,True,False,False,False,True
1476,Descubriendo la ribera,Vals,https://www.todotango.com/musica/tema/6069/Descubriendo-la-ribera/,True,False,False,False,True
1477,Desde el alma [Manzi],Vals,https://www.todotango.com/musica/tema/1159/Desde-el-alma-[Manzi]/,True,True,True,True,True
1478,Desde el alma [Piuma Vélez],Vals,https://www.todotango.com/musica/tema/1158/Desde-el-alma-[Piuma-Velez]/,True,False,False,False,True
1480,Desde entonce! (Como quiere la madr,Vals,https://www.todotango.com/musica/tema/6147/Desde-entonce-Como-quiere-la-madre-a-sus-hijos/,True,True,False,False,True
1519,Días de primavera,Vals,https://www.todotango.com/musica/tema/6288/Dias-de-primavera/,True,False,False,False,True
1542,Distancia [b],Vals,https://www.todotango.com/musica/tema/5551/Distancia-[b]/,True,False,False,False,True
1545,Divino vals,Vals,https://www.todotango.com/musica/tema/4816/Divino-vals/,True,False,False,False,True
1584,Dos corazones,Vals,https://www.todotango.com/musica/tema/694/Dos-corazones/,True,True,False,True,True
1592,Dos que se aman,Vals,https://www.todotango.com/musica/tema/1454/Dos-que-se-aman/,True,True,False,False,True
1599,Duendes del Tuñón,Vals,https://www.todotango.com/musica/tema/6831/Duendes-del-Tunon/,True,False,False,False,True
1602,Dulce adolescencia,Vals,https://www.todotango.com/musica/tema/6158/Dulce-adolescencia/,True,False,False,False,True
1612,Ecos del alma,Vals,https://www.todotango.com/musica/tema/7892/Ecos-del-alma/,True,True,False,False,True
1617,El abrazo,Vals,https://www.todotango.com/musica/tema/6807/El-abrazo/,True,False,False,False,True
1629,El almohadón,Vals,https://www.todotango.com/musica/tema/1784/El-almohadon/,True,False,False,False,True
1653,El ausente,Vals,https://www.todotango.com/musica/tema/1891/El-ausente/,True,False,False,False,True
1664,El beso,Vals,https://www.todotango.com/musica/tema/6706/El-beso/,True,True,False,False,True
1689,El carretero [b],Vals,https://www.todotango.com/musica/tema/1952/El-carretero-[b]/,True,False,False,False,True
1703,El cisne,Vals,https://www.todotango.com/musica/tema/6567/El-cisne/,True,True,False,False,True
1730,El docente de bicicleta,Vals,https://www.todotango.com/musica/tema/5926/El-docente-de-bicicleta/,True,False,False,False,True
1741,El espejo de tus ojos,Vals,https://www.todotango.com/musica/tema/2373/El-espejo-de-tus-ojos/,True,False,False,False,True
1761,El hijo triste,Vals,https://www.todotango.com/musica/tema/3377/El-hijo-triste/,True,False,False,False,True
1771,El jardín de mi madre,Vals,https://www.todotango.com/musica/tema/4282/El-jardin-de-mi-madre/,True,False,False,False,True
1772,El jardín del amor,Vals,https://www.todotango.com/musica/tema/2715/El-jardin-del-amor/,True,True,False,True,True
1800,El mismo dolor,Vals,https://www.todotango.com/musica/tema/2051/El-mismo-dolor/,True,False,False,False,True
1878,El rosal de mis amores,Vals,https://www.todotango.com/musica/tema/7955/El-rosal-de-mis-amores/,True,False,False,False,True
1883,El solitario,Vals,https://www.todotango.com/musica/tema/1066/El-solitario/,True,False,False,False,True
1886,El suspiro,Vals,https://www.todotango.com/musica/tema/7700/El-suspiro/,True,True,False,False,True
1920,El trovador,Vals,https://www.todotango.com/musica/tema/3526/El-trovador/,True,False,False,False,True
1924,El último beso,Vals,https://www.todotango.com/musica/tema/2656/El-ultimo-beso/,True,True,False,False,True
1937,El vals del viudo,Vals,https://www.todotango.com/musica/tema/6820/El-vals-del-viudo/,True,False,False,False,True
1938,El vals soñador,Vals,https://www.todotango.com/musica/tema/1745/El-vals-sonador/,True,False,True,True,True
1945,El viejo vals,Vals,https://www.todotango.com/musica/tema/1058/El-viejo-vals/,True,True,False,True,True
1958,Elogio de la duda,Vals,https://www.todotango.com/musica/tema/7055/Elogio-de-la-duda/,True,False,False,False,True
1960,Elvira te quiero,Vals,https://www.todotango.com/musica/tema/1121/Elvira-te-quiero/,True,False,False,False,True
1986,En el silencio de la noche,Vals,https://www.todotango.com/musica/tema/6928/En-el-silencio-de-la-noche/,True,False,False,False,True
1992,En la ausencia,Vals,https://www.todotango.com/musica/tema/3542/En-la-ausencia/,True,False,False,False,True
2025,En un pueblito de España,Vals,https://www.todotango.com/musica/tema/9921/En-un-pueblito-de-Espana/,True,True,False,False,True
2026,En un pueblito de España [Ferreyra],Vals,https://www.todotango.com/musica/tema/6752/En-un-pueblito-de-Espana-[Ferreyra]/,True,False,False,False,True
2039,Ensueño,Vals,https://www.todotango.com/musica/tema/4101/Ensueno/,True,False,False,False,True
2048,Entre la Santa Rita y el otoño,Vals,https://www.todotango.com/musica/tema/7964/Entre-la-Santa-Rita-y-el-otono/,True,False,False,False,True
2083,Esa noche,Vals,https://www.todotango.com/musica/tema/2533/Esa-noche/,True,False,False,False,True
2096,Escúcheme,Vals,https://www.todotango.com/musica/tema/9112/Escucheme/,True,False,False,False,True
2107,Esperar,Vals,https://www.todotango.com/musica/tema/479/Esperar/,True,False,False,False,True
2111,Esquinas porteñas,Vals,https://www.todotango.com/musica/tema/228/Esquinas-portenas/,True,False,True,True,True
2115,Esta intriga de amor,Vals,https://www.todotango.com/musica/tema/6335/Esta-intriga-de-amor/,True,False,False,False,True
2131,Estampa federal,Vals,https://www.todotango.com/musica/tema/2650/Estampa-federal/,True,False,False,False,True
2150,Estoy,Vals,https://www.todotango.com/musica/tema/8912/Estoy/,True,False,False,False,True
2152,Estrella fugaz,Vals,https://www.todotango.com/musica/tema/3789/Estrella-fugaz/,True,False,False,False,True
2162,Fabiana Beatriz,Vals,https://www.todotango.com/musica/tema/8736/Fabiana-Beatriz/,True,False,False,False,True
2194,Felisa Tolosa,Vals,https://www.todotango.com/musica/tema/4962/Felisa-Tolosa/,True,True,False,False,True
2195,Feliz cumpleaños mama,Vals,https://www.todotango.com/musica/tema/2867/Feliz-cumpleanos-mama/,True,False,False,False,True
2207,Fileteando,Vals,https://www.todotango.com/musica/tema/9147/Fileteando/,True,False,False,False,True
2220,Flor de lino,Vals,https://www.todotango.com/musica/tema/140/Flor-de-lino/,True,True,True,True,True
2225,Flor de oliva,Vals,https://www.todotango.com/musica/tema/4938/Flor-de-oliva/,True,True,False,False,True
2235,Flores del alma,Vals,https://www.todotango.com/musica/tema/4451/Flores-del-alma/,True,False,False,True,True
2237,Flores para mamá,Vals,https://www.todotango.com/musica/tema/8664/Flores-para-mama/,True,False,False,False,True
2250,Francia,Vals,https://www.todotango.com/musica/tema/3532/Francia/,True,True,False,False,True
2256,Frente a la facultad,Vals,https://www.todotango.com/musica/tema/2916/Frente-a-la-facultad/,True,False,False,False,True
2262,Frívola,Vals,https://www.todotango.com/musica/tema/4488/Frivola/,True,True,False,False,True
2265,Fue cosa de Dios,Vals,https://www.todotango.com/musica/tema/8445/Fue-cosa-de-Dios/,True,False,False,False,True
2326,Gota de lluvia,Vals,https://www.todotango.com/musica/tema/279/Gota-de-lluvia/,True,True,True,True,True
2342,Gris [b],Vals,https://www.todotango.com/musica/tema/7538/Gris-[b]/,True,True,False,False,True
2345,Gualeguaychú,Vals,https://www.todotango.com/musica/tema/7254/Gualeguaychu/,True,False,False,False,True
2370,Ha vuelto Dios,Vals,https://www.todotango.com/musica/tema/3853/Ha-vuelto-Dios/,True,False,False,False,True
2372,Hablame de amores Mariú,Vals,https://www.todotango.com/musica/tema/3249/Hablame-de-amores-Mariu/,True,True,False,True,True
2393,Has llegado,Vals,https://www.todotango.com/musica/tema/6665/Has-llegado/,True,True,False,False,True
2415,Hermana,Vals,https://www.todotango.com/musica/tema/2863/Hermana/,True,False,False,False,True
2443,Hojas de calendario,Vals,https://www.todotango.com/musica/tema/7161/Hojas-de-calendario/,True,True,False,False,True
2449,Hombres y mujeres,Vals,https://www.todotango.com/musica/tema/8604/Hombres-y-mujeres/,True,False,False,False,True
2460,Horas de pasión,Vals,https://www.todotango.com/musica/tema/5287/Horas-de-pasion/,True,True,False,False,True
2461,Horas felices,Vals,https://www.todotango.com/musica/tema/6590/Horas-felices/,True,False,False,False,True
2469,Hoy la he visto pasar a María,Vals,https://www.todotango.com/musica/tema/4066/Hoy-la-he-visto-pasar-a-Maria/,True,False,False,False,True
2484,Ibis,Vals,https://www.todotango.com/musica/tema/2655/Ibis/,True,True,False,False,True
2487,Idilio trunco,Vals,https://www.todotango.com/musica/tema/6673/Idilio-trunco/,True,True,False,False,True
2493,Igualito que el tango,Vals,https://www.todotango.com/musica/tema/4677/Igualito-que-el-tango/,True,False,False,False,True
2496,Ilusión azul,Vals,https://www.todotango.com/musica/tema/4963/Ilusion-azul/,True,True,False,False,True
2497,Ilusión de mi vida,Vals,https://www.todotango.com/musica/tema/3824/Ilusion-de-mi-vida/,True,True,False,True,True
2498,Ilusión de pierrot,Vals,https://www.todotango.com/musica/tema/4815/Ilusion-de-pierrot/,True,False,False,False,True
2500,Ilusión marina,Vals,https://www.todotango.com/musica/tema/1499/Ilusion-marina/,True,True,False,True,True
2501,Imaginación,Vals,https://www.todotango.com/musica/tema/4302/Imaginacion/,True,True,False,False,True
2507,Incomparable,Vals,https://www.todotango.com/musica/tema/3730/Incomparable/,True,False,False,False,True
2511,Inés,Vals,https://www.todotango.com/musica/tema/6575/Ines/,True,False,False,False,True
2525,Irene,Vals,https://www.todotango.com/musica/tema/2789/Irene/,True,False,False,False,True
2527,Isabelita,Vals,https://www.todotango.com/musica/tema/890/Isabelita/,True,False,False,False,True
2538,Jamás podré olvidarte,Vals,https://www.todotango.com/musica/tema/3449/Jamas-podre-olvidarte/,True,False,False,False,True
2540,Jamás vendrás a mí,Vals,https://www.todotango.com/musica/tema/4396/Jamas-vendras-a-mi/,True,True,False,False,True
2543,Jazmín,Vals,https://www.todotango.com/musica/tema/3455/Jazmin/,True,False,False,True,True
2545,Jazmín otoñal,Vals,https://www.todotango.com/musica/tema/6238/Jazmin-otonal/,True,False,False,False,True
2546,Jeannette (Juanita),Vals,https://www.todotango.com/musica/tema/2844/Jeannette-Juanita/,True,True,False,False,True
2582,Justito a las seis,Vals,https://www.todotango.com/musica/tema/6862/Justito-a-las-seis/,True,False,False,False,True
2614,La calesita [b],Vals,https://www.todotango.com/musica/tema/6728/La-calesita-[b]/,True,False,False,False,True
2621,La canción de Amalia,Vals,https://www.todotango.com/musica/tema/1147/La-cancion-de-Amalia/,True,False,False,False,True
2631,La canción sin fin,Vals,https://www.todotango.com/musica/tema/5301/La-cancion-sin-fin/,True,False,False,False,True
2641,La casita blanca,Vals,https://www.todotango.com/musica/tema/1950/La-casita-blanca/,True,False,False,False,True
2650,La chica del oeste,Vals,https://www.todotango.com/musica/tema/9320/La-chica-del-oeste/,True,False,False,False,True
2662,La corona del bosque,Vals,https://www.todotango.com/musica/tema/7765/La-corona-del-bosque/,True,True,False,False,True
2677,La desatada,Vals,https://www.todotango.com/musica/tema/6817/La-desatada/,True,False,False,False,True
2682,La divina dama,Vals,https://www.todotango.com/musica/tema/3006/La-divina-dama/,True,False,False,False,True
2697,La flor de los gauchos,Vals,https://www.todotango.com/musica/tema/4796/La-flor-de-los-gauchos/,True,True,False,False,True
2699,La flor que me diste,Vals,https://www.todotango.com/musica/tema/7743/La-flor-que-me-diste/,True,True,False,False,True
2710,La guitarrera de San Nicolás,Vals,https://www.todotango.com/musica/tema/1150/La-guitarrera-de-San-Nicolas/,True,False,False,False,True
2719,La lágrima gris,Vals,https://www.todotango.com/musica/tema/7072/La-lagrima-gris/,True,False,False,False,True
2736,La mar del ángel,Vals,https://www.todotango.com/musica/tema/3706/La-mar-del-angel/,True,False,False,False,True
2738,La Marilyn,Vals,https://www.todotango.com/musica/tema/3035/La-Marilyn/,True,False,False,False,True
2771,La montonera,Vals,https://www.todotango.com/musica/tema/900/La-montonera/,True,True,False,True,True
2777,La mujer de la noche larga,Vals,https://www.todotango.com/musica/tema/7324/La-mujer-de-la-noche-larga/,True,True,False,True,True
2778,La mujer distinta,Vals,https://www.todotango.com/musica/tema/9897/La-mujer-distinta/,True,False,False,False,True
2807,La pena del payador,Vals,https://www.todotango.com/musica/tema/2269/La-pena-del-payador/,True,True,False,True,True
2819,La primera palabra,Vals,https://www.todotango.com/musica/tema/2331/La-primera-palabra/,True,False,False,False,True
2824,La pulpera de Santa Lucía,Vals,https://www.todotango.com/musica/tema/602/La-pulpera-de-Santa-Lucia/,True,True,True,True,True
2837,La rosa,Vals,https://www.todotango.com/musica/tema/1987/La-rosa/,True,False,False,False,True
2845,La serenata de ayer,Vals,https://www.todotango.com/musica/tema/2005/La-serenata-de-ayer/,True,True,False,True,True
2849,La sonrisa de mamá,Vals,https://www.todotango.com/musica/tema/2060/La-sonrisa-de-mama/,True,True,False,False,True
2869,La última esquina,Vals,https://www.todotango.com/musica/tema/6139/La-ultima-esquina/,True,False,False,False,True
2875,La última ronda,Vals,https://www.todotango.com/musica/tema/5940/La-ultima-ronda/,True,False,False,False,True
2890,La virgen del perdón,Vals,https://www.todotango.com/musica/tema/4110/La-virgen-del-perdon/,True,True,False,True,True
2904,Lágrimas eternas,Vals,https://www.todotango.com/musica/tema/2841/Lagrimas-eternas/,True,True,False,False,True
2931,Las notas de mi canto,Vals,https://www.todotango.com/musica/tema/7192/Las-notas-de-mi-canto/,True,False,False,False,True
2936,Las últimas lluvias de marzo,Vals,https://www.todotango.com/musica/tema/6141/Las-ultimas-lluvias-de-marzo/,True,False,False,False,True
2947,Lenay,Vals,https://www.todotango.com/musica/tema/5152/Lenay/,True,False,False,False,True
2970,Llamado de amor,Vals,https://www.todotango.com/musica/tema/3228/Llamado-de-amor/,True,False,False,False,True
2976,Llanto de madre,Vals,https://www.todotango.com/musica/tema/4523/Llanto-de-madre/,True,False,False,False,True
2993,"Llorarás, llorarás",Vals,https://www.todotango.com/musica/tema/2824/Lloraras-lloraras/,True,False,False,True,True
3000,Lluvia,Vals,https://www.todotango.com/musica/tema/248/Lluvia/,True,False,False,False,True
3006,Lo que ambicioné,Vals,https://www.todotango.com/musica/tema/6554/Lo-que-ambicione/,True,False,False,False,True
3009,Lo que le canto a mi novia,Vals,https://www.todotango.com/musica/tema/2843/Lo-que-le-canto-a-mi-novia/,True,True,False,False,True
3018,Lo que vieron mis ojos,Vals,https://www.todotango.com/musica/tema/3437/Lo-que-vieron-mis-ojos/,True,False,False,False,True
3024,Loca de amor (La loca de amor),Vals,https://www.todotango.com/musica/tema/1748/Loca-de-amor-La-loca-de-amor/,True,True,False,True,True
3035,Los arrieros,Vals,https://www.todotango.com/musica/tema/2955/Los-arrieros/,True,True,False,False,True
3040,Los cien barrios porteños,Vals,https://www.todotango.com/musica/tema/2374/Los-cien-barrios-portenos/,True,False,False,True,True
3048,Los ejecutivos,Vals,https://www.todotango.com/musica/tema/4846/Los-ejecutivos/,True,False,False,False,True
3051,Los héroes del día,Vals,https://www.todotango.com/musica/tema/4466/Los-heroes-del-dia/,True,True,False,False,True
3086,Luna de arrabal,Vals,https://www.todotango.com/musica/tema/1127/Luna-de-arrabal/,True,True,False,True,True
3105,Madrigal de ausencias,Vals,https://www.todotango.com/musica/tema/6239/Madrigal-de-ausencias/,True,False,False,True,True
3116,Mal de ausencia [b],Vals,https://www.todotango.com/musica/tema/10083/Mal-de-ausencia-[b]/,True,True,False,False,True
3126,Mala suerte [c],Vals,https://www.todotango.com/musica/tema/2120/Mala-suerte-[c]/,True,False,False,True,True
3127,Mala yerba [b],Vals,https://www.todotango.com/musica/tema/912/Mala-yerba-[b]/,True,False,False,False,True
3149,Mamá este vals es para vos,Vals,https://www.todotango.com/musica/tema/3622/Mama-este-vals-es-para-vos/,True,False,False,False,True
3183,Manos adoradas,Vals,https://www.todotango.com/musica/tema/866/Manos-adoradas/,True,False,False,True,True
3199,Marga (Un pensamiento),Vals,https://www.todotango.com/musica/tema/3482/Marga-Un-pensamiento/,True,True,False,False,True
3210,María Luisa,Vals,https://www.todotango.com/musica/tema/7516/Maria-Luisa/,True,True,False,False,True
3213,María Remedios,Vals,https://www.todotango.com/musica/tema/3529/Maria-Remedios/,True,False,False,False,True
3231,Marisabel,Vals,https://www.todotango.com/musica/tema/5326/Marisabel/,True,False,False,False,True
3238,Más allá [b],Vals,https://www.todotango.com/musica/tema/280/Mas-alla-[b]/,True,False,False,False,True
3245,Mascotita de marfil,Vals,https://www.todotango.com/musica/tema/1872/Mascotita-de-marfil/,True,False,False,False,True
3259,Me besó y se fue,Vals,https://www.todotango.com/musica/tema/1750/Me-beso-y-se-fue/,True,True,False,True,True
3305,Melodías,Vals,https://www.todotango.com/musica/tema/8451/Melodias/,True,False,False,False,True
3306,Memoria de un patio,Vals,https://www.todotango.com/musica/tema/2366/Memoria-de-un-patio/,True,True,False,False,True
3314,Mensajera,Vals,https://www.todotango.com/musica/tema/2148/Mensajera/,True,False,False,False,True
3321,Mentira [c],Vals,https://www.todotango.com/musica/tema/7075/Mentira-[c]/,True,False,False,False,True
3332,Mesas de los bares,Vals,https://www.todotango.com/musica/tema/6207/Mesas-de-los-bares/,True,False,False,False,True
3338,Mi Alicia,Vals,https://www.todotango.com/musica/tema/6022/Mi-Alicia/,True,False,False,False,True
3339,Mi ambición,Vals,https://www.todotango.com/musica/tema/3673/Mi-ambicion/,True,False,False,False,True
3343,Mi azucena,Vals,https://www.todotango.com/musica/tema/8030/Mi-azucena/,True,False,False,False,True
3355,Mi cariñito,Vals,https://www.todotango.com/musica/tema/2219/Mi-carinito/,True,False,False,False,True
3361,Mi colegiala,Vals,https://www.todotango.com/musica/tema/3797/Mi-colegiala/,True,False,False,False,True
3385,Mi otoño y vos,Vals,https://www.todotango.com/musica/tema/7392/Mi-otono-y-vos/,True,False,False,False,True
3390,Mi pobre novia,Vals,https://www.todotango.com/musica/tema/4020/Mi-pobre-novia/,True,False,False,False,True
3415,Mi vida [b],Vals,https://www.todotango.com/musica/tema/6126/Mi-vida-[b]/,True,False,False,False,True
3440,Milagrera del asombro,Vals,https://www.todotango.com/musica/tema/5902/Milagrera-del-asombro/,True,False,False,False,True
3557,Moneda de amor,Vals,https://www.todotango.com/musica/tema/6044/Moneda-de-amor/,True,False,False,False,True
3575,Motivo de vals,Vals,https://www.todotango.com/musica/tema/3284/Motivo-de-vals/,True,False,False,True,True
3586,Muchachita porteña,Vals,https://www.todotango.com/musica/tema/2624/Muchachita-portena/,True,False,False,False,True
3607,Muñeca de quince años,Vals,https://www.todotango.com/musica/tema/1881/Muneca-de-quince-anos/,True,False,False,True,True
3628,Musiqueros,Vals,https://www.todotango.com/musica/tema/3489/Musiqueros/,True,False,False,False,True
3639,Nada más que para amar,Vals,https://www.todotango.com/musica/tema/9005/Nada-mas-que-para-amar/,True,True,False,False,True
3649,Navidad [b],Vals,https://www.todotango.com/musica/tema/1558/Navidad-[b]/,True,False,False,False,True
3658,Nelly [b],Vals,https://www.todotango.com/musica/tema/1991/Nelly-[b]/,True,True,False,True,True
3671,Nido de amor [b],Vals,https://www.todotango.com/musica/tema/6498/Nido-de-amor-[b]/,True,False,False,False,True
3682,No comprendes,Vals,https://www.todotango.com/musica/tema/6743/No-comprendes/,True,False,False,False,True
3685,No digas,Vals,https://www.todotango.com/musica/tema/4647/No-digas/,True,False,False,False,True
3710,No llores más [b],Vals,https://www.todotango.com/musica/tema/4873/No-llores-mas-[b]/,True,False,False,False,True
3738,No quisiste mentir,Vals,https://www.todotango.com/musica/tema/8447/No-quisiste-mentir/,True,False,False,False,True
3764,No vuelvas María,Vals,https://www.todotango.com/musica/tema/2643/No-vuelvas-Maria/,True,False,False,False,True
3773,Noche de mayo,Vals,https://www.todotango.com/musica/tema/3481/Noche-de-mayo/,True,True,False,False,True
3775,Noche de plata,Vals,https://www.todotango.com/musica/tema/2971/Noche-de-plata/,True,False,False,False,True
3784,Noches blancas,Vals,https://www.todotango.com/musica/tema/3008/Noches-blancas/,True,False,False,False,True
3785,Noches correntinas,Vals,https://www.todotango.com/musica/tema/6040/Noches-correntinas/,True,False,False,False,True
3786,Noches de Atenas,Vals,https://www.todotango.com/musica/tema/1047/Noches-de-Atenas/,True,True,False,True,True
3809,Novia,Vals,https://www.todotango.com/musica/tema/7226/Novia/,True,False,False,False,True
3814,Nube gris,Vals,https://www.todotango.com/musica/tema/3776/Nube-gris/,True,False,False,False,True
3817,Nubes que pasan,Vals,https://www.todotango.com/musica/tema/7379/Nubes-que-pasan/,True,True,False,False,True
3842,Nunca volverás,Vals,https://www.todotango.com/musica/tema/7207/Nunca-volveras/,True,False,False,False,True
3844,Oasis,Vals,https://www.todotango.com/musica/tema/2860/Oasis/,True,False,False,False,True
3855,"Oh, madre del alma",Vals,https://www.todotango.com/musica/tema/6662/Oh-madre-del-alma/,True,True,False,False,True
3867,Ojos que lloran,Vals,https://www.todotango.com/musica/tema/7191/Ojos-que-lloran/,True,True,False,False,True
3868,Olga,Vals,https://www.todotango.com/musica/tema/3360/Olga/,True,True,False,False,True
3869,Olga [Caruso],Vals,https://www.todotango.com/musica/tema/6598/Olga-[Caruso]/,True,True,False,False,True
3874,Olvidarte será mejor,Vals,https://www.todotango.com/musica/tema/10124/Olvidarte-sera-mejor/,True,False,False,False,True
3875,Olvidé tu querer,Vals,https://www.todotango.com/musica/tema/8016/Olvide-tu-querer/,True,False,False,False,True
3887,Orillas del Plata,Vals,https://www.todotango.com/musica/tema/3641/Orillas-del-Plata/,True,True,False,True,True
3937,Paisaje [b],Vals,https://www.todotango.com/musica/tema/561/Paisaje-[b]/,True,False,False,True,True
3940,Paisajito,Vals,https://www.todotango.com/musica/tema/9547/Paisajito/,True,False,False,False,True
3944,Pajarito errante,Vals,https://www.todotango.com/musica/tema/6425/Pajarito-errante/,True,True,False,False,True
3945,Pajarito viajero,Vals,https://www.todotango.com/musica/tema/3769/Pajarito-viajero/,True,False,False,False,True
3961,Paloma [b],Vals,https://www.todotango.com/musica/tema/3905/Paloma-[b]/,True,True,False,False,True
3965,Palomita blanca,Vals,https://www.todotango.com/musica/tema/117/Palomita-blanca/,True,True,True,True,True
3978,Pañuelito federal,Vals,https://www.todotango.com/musica/tema/6596/Panuelito-federal/,True,True,False,False,True
4000,Para ti madre,Vals,https://www.todotango.com/musica/tema/3066/Para-ti-madre/,True,False,False,True,True
4011,Parece mentira [c],Vals,https://www.todotango.com/musica/tema/4098/Parece-mentira-[c]/,True,False,False,False,True
4018,Parque Patricios,Vals,https://www.todotango.com/musica/tema/6106/Parque-Patricios/,True,False,False,False,True
4025,Pasan las horas,Vals,https://www.todotango.com/musica/tema/4514/Pasan-las-horas/,True,False,False,False,True
4031,Pasó por mi lado,Vals,https://www.todotango.com/musica/tema/7402/Paso-por-mi-lado/,True,True,False,False,True
4052,Pedacito de cielo,Vals,https://www.todotango.com/musica/tema/142/Pedacito-de-cielo/,True,True,True,True,True
4068,Pequeña,Vals,https://www.todotango.com/musica/tema/143/Pequena/,True,True,True,True,True
4078,Perdoname,Vals,https://www.todotango.com/musica/tema/6482/Perdoname/,True,True,False,False,True
4082,Perfumada flor,Vals,https://www.todotango.com/musica/tema/4118/Perfumada-flor/,True,False,False,False,True
4085,Perfumes del recuerdo,Vals,https://www.todotango.com/musica/tema/7398/Perfumes-del-recuerdo/,True,True,False,False,True
4088,Pero está lindo el barrio,Vals,https://www.todotango.com/musica/tema/5552/Pero-esta-lindo-el-barrio/,True,False,False,False,True
4130,Placitas añoradas,Vals,https://www.todotango.com/musica/tema/6000/Placitas-anoradas/,True,False,False,False,True
4149,Pobre flor (Primera ilusión),Vals,https://www.todotango.com/musica/tema/4616/Pobre-flor-Primera-ilusion/,True,True,False,False,True
4154,Pobre mi madre querida,Vals,https://www.todotango.com/musica/tema/1875/Pobre-mi-madre-querida/,True,False,False,True,True
4169,Poder regresar,Vals,https://www.todotango.com/musica/tema/6887/Poder-regresar/,True,False,False,False,True
4220,Por no llorar [b],Vals,https://www.todotango.com/musica/tema/5738/Por-no-llorar-[b]/,True,True,False,False,True
4222,Por otra navidad,Vals,https://www.todotango.com/musica/tema/6023/Por-otra-navidad/,True,False,False,False,True
4254,Por una mujer,Vals,https://www.todotango.com/musica/tema/4121/Por-una-mujer/,True,False,False,False,True
4296,Presagio [b],Vals,https://www.todotango.com/musica/tema/7975/Presagio-[b]/,True,False,False,False,True
4306,Primer amor [b],Vals,https://www.todotango.com/musica/tema/6091/Primer-amor-[b]/,True,False,False,False,True
4361,Qué linda es la vida,Vals,https://www.todotango.com/musica/tema/4503/Que-linda-es-la-vida/,True,False,False,False,True
4371,Que nadie sepa mi sufrir,Vals,https://www.todotango.com/musica/tema/935/Que-nadie-sepa-mi-sufrir/,True,False,False,True,True
4381,Que seas muy feliz,Vals,https://www.todotango.com/musica/tema/3637/Que-seas-muy-feliz/,True,False,False,False,True
4400,Quejas [b],Vals,https://www.todotango.com/musica/tema/1866/Quejas-[b]/,True,False,False,False,True
4402,Quejas del alma [b],Vals,https://www.todotango.com/musica/tema/4273/Quejas-del-alma-[b]/,True,True,False,True,True
4406,Querida,Vals,https://www.todotango.com/musica/tema/10218/Querida/,True,False,False,False,True
4407,Querida mujer,Vals,https://www.todotango.com/musica/tema/7440/Querida-mujer/,True,False,False,False,True
4417,Quién será,Vals,https://www.todotango.com/musica/tema/3278/Quien-sera/,True,False,False,True,True
4435,Quisiera amarte menos,Vals,https://www.todotango.com/musica/tema/469/Quisiera-amarte-menos/,True,False,False,True,True
4440,Ramas negras,Vals,https://www.todotango.com/musica/tema/8724/Ramas-negras/,True,False,False,False,True
4443,Ramona [Cadícamo],Vals,https://www.todotango.com/musica/tema/3910/Ramona-[Cadicamo]/,True,True,False,False,True
4444,Ramona [Sánchez],Vals,https://www.todotango.com/musica/tema/6171/Ramona-[Sanchez]/,True,False,False,False,True
4465,Recordando mi barrio,Vals,https://www.todotango.com/musica/tema/4280/Recordando-mi-barrio/,True,False,False,False,True
4471,Recuerdos,Vals,https://www.todotango.com/musica/tema/1995/Recuerdos/,True,False,False,False,True
4480,Refugio del sur,Vals,https://www.todotango.com/musica/tema/6593/Refugio-del-sur/,True,False,False,False,True
4483,Regreso en serenata,Vals,https://www.todotango.com/musica/tema/6470/Regreso-en-serenata/,True,False,False,False,True
4523,Romance de barrio,Vals,https://www.todotango.com/musica/tema/373/Romance-de-barrio/,True,True,False,True,True
4526,Romántica,Vals,https://www.todotango.com/musica/tema/564/Romantica/,True,True,False,False,True
4530,Ronda de ensueño,Vals,https://www.todotango.com/musica/tema/4617/Ronda-de-ensueno/,True,False,False,False,True
4538,Rosa de otoño (Rosas de otoño),Vals,https://www.todotango.com/musica/tema/671/Rosa-de-otono-Rosas-de-otono/,True,False,True,True,True
4539,Rosa de pasión,Vals,https://www.todotango.com/musica/tema/7607/Rosa-de-pasion/,True,True,False,False,True
4546,Rosal de amor,Vals,https://www.todotango.com/musica/tema/5281/Rosal-de-amor/,True,False,False,False,True
4548,Rosamel [a],Vals,https://www.todotango.com/musica/tema/3359/Rosamel-[a]/,True,True,False,False,True
4549,Rosamel [b],Vals,https://www.todotango.com/musica/tema/7009/Rosamel-[b]/,True,False,False,False,True
4553,Rosas de abril,Vals,https://www.todotango.com/musica/tema/453/Rosas-de-abril/,True,True,False,True,True
4554,Rosas de amor,Vals,https://www.todotango.com/musica/tema/6555/Rosas-de-amor/,True,True,False,False,True
4556,Rosedal de mi barrio,Vals,https://www.todotango.com/musica/tema/4802/Rosedal-de-mi-barrio/,True,True,False,False,True
4559,Rosita,Vals,https://www.todotango.com/musica/tema/5446/Rosita/,True,False,False,False,True
4572,Rumor de terciopelo,Vals,https://www.todotango.com/musica/tema/7272/Rumor-de-terciopelo/,True,False,False,False,True
4592,Salud dinero y amor,Vals,https://www.todotango.com/musica/tema/1801/Salud-dinero-y-amor/,True,False,False,False,True
4595,Salute Victoria,Vals,https://www.todotango.com/musica/tema/4397/Salute-Victoria/,True,True,False,False,True
4623,Se fue,Vals,https://www.todotango.com/musica/tema/3406/Se-fue/,True,True,False,False,True
4656,Secreto de amor,Vals,https://www.todotango.com/musica/tema/7485/Secreto-de-amor/,True,True,True,False,True
4672,Señora Buenos Aires,Vals,https://www.todotango.com/musica/tema/6471/Senora-Buenos-Aires/,True,False,False,False,True
4673,Señora de mi amor,Vals,https://www.todotango.com/musica/tema/3608/Senora-de-mi-amor/,True,False,False,False,True
4676,Señora princesa,Vals,https://www.todotango.com/musica/tema/3783/Senora-princesa/,True,False,False,True,True
4679,Señorita María,Vals,https://www.todotango.com/musica/tema/2012/Senorita-Maria/,True,False,False,False,True
4693,Serenata a mi madre,Vals,https://www.todotango.com/musica/tema/7831/Serenata-a-mi-madre/,True,False,False,False,True
4694,Serenata campera,Vals,https://www.todotango.com/musica/tema/2487/Serenata-campera/,True,False,False,False,True
4695,Serenata gaucha,Vals,https://www.todotango.com/musica/tema/2833/Serenata-gaucha/,True,False,False,False,True
4718,Si pudiera besarte,Vals,https://www.todotango.com/musica/tema/4495/Si-pudiera-besarte/,True,False,False,False,True
4726,Si vos no me querés,Vals,https://www.todotango.com/musica/tema/5102/Si-vos-no-me-queres/,True,False,False,False,True
4728,Siempre contigo,Vals,https://www.todotango.com/musica/tema/4474/Siempre-contigo/,True,False,False,False,True
4737,Siempre te recuerdo,Vals,https://www.todotango.com/musica/tema/6591/Siempre-te-recuerdo/,True,False,False,False,True
4739,Siempre tú en mi corazón,Vals,https://www.todotango.com/musica/tema/2062/Siempre-tu-en-mi-corazon/,True,False,False,False,True
4765,Sin esperanza,Vals,https://www.todotango.com/musica/tema/3459/Sin-esperanza/,True,True,False,False,True
4766,Sin esperar respuesta,Vals,https://www.todotango.com/musica/tema/9540/Sin-esperar-respuesta/,True,False,False,False,True
4809,Sólo pude amarte,Vals,https://www.todotango.com/musica/tema/8377/Solo-pude-amarte/,True,False,False,False,True
4824,Sombras del ayer,Vals,https://www.todotango.com/musica/tema/7925/Sombras-del-ayer/,True,True,False,False,True
4840,Soñar y nada más,Vals,https://www.todotango.com/musica/tema/1234/Sonar-y-nada-mas/,True,False,False,False,True
4843,Sonata,Vals,https://www.todotango.com/musica/tema/3495/Sonata/,True,False,False,False,True
4885,Soy tu cantor,Vals,https://www.todotango.com/musica/tema/9169/Soy-tu-cantor/,True,False,False,False,True
4900,Sueño de juventud,Vals,https://www.todotango.com/musica/tema/349/Sueno-de-juventud/,True,True,True,True,True
4901,Sueño de morocha en conventillo,Vals,https://www.todotango.com/musica/tema/3026/Sueno-de-morocha-en-conventillo/,True,False,False,False,True
4908,Suerte negra,Vals,https://www.todotango.com/musica/tema/805/Suerte-negra/,True,False,False,False,True
4925,Tal vez habrá otro Dios,Vals,https://www.todotango.com/musica/tema/6053/Tal-vez-habra-otro-Dios/,True,False,False,False,True
4935,Tan solo tú [b],Vals,https://www.todotango.com/musica/tema/7469/Tan-solo-tu-[b]/,True,False,False,False,True
5004,Tarde azul,Vals,https://www.todotango.com/musica/tema/6132/Tarde-azul/,True,False,False,False,True
5012,Te acordás?,Vals,https://www.todotango.com/musica/tema/6107/Te-acordas/,True,False,False,False,True
5047,Temblando,Vals,https://www.todotango.com/musica/tema/2408/Temblando/,True,False,False,True,True
5054,Tengo mil novias,Vals,https://www.todotango.com/musica/tema/2348/Tengo-mil-novias/,True,False,False,False,True
5059,Terminemos de una vez,Vals,https://www.todotango.com/musica/tema/6198/Terminemos-de-una-vez/,True,False,False,False,True
5060,Ternura,Vals,https://www.todotango.com/musica/tema/7464/Ternura/,True,False,False,False,True
5062,Tessa,Vals,https://www.todotango.com/musica/tema/2036/Tessa/,True,False,False,False,True
5113,Todo el fuego que viví,Vals,https://www.todotango.com/musica/tema/4168/Todo-el-fuego-que-vivi/,True,False,False,False,True
5114,Todo el gris me recuerda quien soy,Vals,https://www.todotango.com/musica/tema/10114/Todo-el-gris-me-recuerda-quien-soy/,True,False,False,False,True
5188,Trovador mazorquero,Vals,https://www.todotango.com/musica/tema/4271/Trovador-mazorquero/,True,False,False,True,True
5192,Tu amor en la casa,Vals,https://www.todotango.com/musica/tema/6523/Tu-amor-en-la-casa/,True,False,False,False,True
5198,Tu ausencia se llama olvido,Vals,https://www.todotango.com/musica/tema/4350/Tu-ausencia-se-llama-olvido/,True,False,False,False,True
5201,Tu casa ya no está,Vals,https://www.todotango.com/musica/tema/969/Tu-casa-ya-no-esta/,True,False,False,False,True
5206,Tu diagnóstico,Vals,https://www.todotango.com/musica/tema/692/Tu-diagnostico/,True,True,False,False,True
5208,Tu estrella azul,Vals,https://www.todotango.com/musica/tema/9590/Tu-estrella-azul/,True,False,False,False,True
5216,Tu olvido,Vals,https://www.todotango.com/musica/tema/5371/Tu-olvido/,True,True,False,True,True
5217,Tu pálida voz,Vals,https://www.todotango.com/musica/tema/370/Tu-palida-voz/,True,True,True,True,True
5228,Tu sombra,Vals,https://www.todotango.com/musica/tema/949/Tu-sombra/,True,False,False,False,True
5229,Tu vals,Vals,https://www.todotango.com/musica/tema/9262/Tu-vals/,True,False,False,False,True
5230,Tu vieja ventana,Vals,https://www.todotango.com/musica/tema/3341/Tu-vieja-ventana/,True,True,False,True,True
5232,Tú y yo,Vals,https://www.todotango.com/musica/tema/1974/Tu-y-yo/,True,False,False,False,True
5238,Tus engaños,Vals,https://www.todotango.com/musica/tema/4031/Tus-enganos/,True,True,False,False,True
5265,Un cielo de serenata,Vals,https://www.todotango.com/musica/tema/5311/Un-cielo-de-serenata/,True,False,False,True,True
5266,Un cielo para los dos,Vals,https://www.todotango.com/musica/tema/3560/Un-cielo-para-los-dos/,True,False,False,False,True
5267,Un cielo y un jazmín,Vals,https://www.todotango.com/musica/tema/6768/Un-cielo-y-un-jazmin/,True,False,False,False,True
5279,Un jardín de ilusión,Vals,https://www.todotango.com/musica/tema/2759/Un-jardin-de-ilusion/,True,True,False,True,True
5285,Un momento,Vals,https://www.todotango.com/musica/tema/4427/Un-momento/,True,False,True,False,True
5288,Un placer,Vals,https://www.todotango.com/musica/tema/2397/Un-placer/,True,True,True,True,True
5298,Un simple vals,Vals,https://www.todotango.com/musica/tema/5774/Un-simple-vals/,True,True,False,False,True
5314,Un vals para mamá,Vals,https://www.todotango.com/musica/tema/2195/Un-vals-para-mama/,True,False,False,False,True
5315,Un valsecito para Nidia,Vals,https://www.todotango.com/musica/tema/9110/Un-valsecito-para-Nidia/,True,False,False,False,True
5334,Una lágrima [b],Vals,https://www.todotango.com/musica/tema/5925/Una-lagrima-[b]/,True,True,False,False,True
5339,Una noche de amor,Vals,https://www.todotango.com/musica/tema/5724/Una-noche-de-amor/,True,True,False,False,True
5351,Una vez en la vida,Vals,https://www.todotango.com/musica/tema/4099/Una-vez-en-la-vida/,True,False,False,False,True
5357,Unidos en la muerte,Vals,https://www.todotango.com/musica/tema/1980/Unidos-en-la-muerte/,True,False,False,True,True
5360,Uruguaya,Vals,https://www.todotango.com/musica/tema/5489/Uruguaya/,True,False,False,False,True
5365,Vals de la lluvia,Vals,https://www.todotango.com/musica/tema/7062/Vals-de-la-lluvia/,True,False,False,False,True
5366,Vals de la penita,Vals,https://www.todotango.com/musica/tema/9325/Vals-de-la-penita/,True,False,False,False,True
5367,Vals del 18,Vals,https://www.todotango.com/musica/tema/3462/Vals-del-18/,True,False,False,False,True
5368,Vals municipal,Vals,https://www.todotango.com/musica/tema/6262/Vals-municipal/,True,False,False,False,True
5369,Vals para una abuela,Vals,https://www.todotango.com/musica/tema/4048/Vals-para-una-abuela/,True,False,False,False,True
5370,Valsecito amigo,Vals,https://www.todotango.com/musica/tema/860/Valsecito-amigo/,True,True,False,False,True
5371,Valsecito criollo,Vals,https://www.todotango.com/musica/tema/999/Valsecito-criollo/,True,False,False,False,True
5372,Valsecito de antes,Vals,https://www.todotango.com/musica/tema/573/Valsecito-de-antes/,True,False,False,False,True
5373,Valsecito mío,Vals,https://www.todotango.com/musica/tema/7818/Valsecito-mio/,True,False,False,False,True
5374,Valsecito perdido,Vals,https://www.todotango.com/musica/tema/7059/Valsecito-perdido/,True,False,False,False,True
5388,Vana ilusión,Vals,https://www.todotango.com/musica/tema/9761/Vana-ilusion/,True,True,False,False,True
5420,Verdulería,Vals,https://www.todotango.com/musica/tema/4173/Verduleria/,True,False,False,False,True
5446,Vieja parra,Vals,https://www.todotango.com/musica/tema/6525/Vieja-parra/,True,False,False,False,True
5472,Viejo patio [b],Vals,https://www.todotango.com/musica/tema/7363/Viejo-patio-[b]/,True,False,False,False,True
5476,Viejo sillón,Vals,https://www.todotango.com/musica/tema/3479/Viejo-sillon/,True,False,False,True,True
5492,Villa Devoto,Vals,https://www.todotango.com/musica/tema/8400/Villa-Devoto/,True,False,False,False,True
5495,Violetas,Vals,https://www.todotango.com/musica/tema/1292/Violetas/,True,True,False,True,True
5500,Virgen de la Balvanera,Vals,https://www.todotango.com/musica/tema/9160/Virgen-de-la-Balvanera/,True,True,False,False,True
5516,Viviré con tu recuerdo,Vals,https://www.todotango.com/musica/tema/2757/Vivire-con-tu-recuerdo/,True,False,False,True,True
5531,Volver con sol,Vals,https://www.todotango.com/musica/tema/6369/Volver-con-sol/,True,False,False,False,True
5537,Volvió la princesita,Vals,https://www.todotango.com/musica/tema/2680/Volvio-la-princesita/,True,True,False,False,True
5557,Vuela torcaza vuela,Vals,https://www.todotango.com/musica/tema/8072/Vuela-torcaza-vuela/,True,False,False,False,True
5560,Vuelve la serenata,Vals,https://www.todotango.com/musica/tema/2646/Vuelve-la-serenata/,True,True,False,True,True
5578,Y aún te amo más,Vals,https://www.todotango.com/musica/tema/8136/Y-aun-te-amo-mas/,True,True,False,False,True
5589,Y el viejo no está,Vals,https://www.todotango.com/musica/tema/4067/Y-el-viejo-no-esta/,True,False,False,False,True
5597,Y llegó el amor,Vals,https://www.todotango.com/musica/tema/6506/Y-llego-el-amor/,True,True,False,False,True
5645,Ya no te acuerdas de mí,Vals,https://www.todotango.com/musica/tema/6521/Ya-no-te-acuerdas-de-mi/,True,True,False,False,True
5647,Ya no volverán,Vals,https://www.todotango.com/musica/tema/7648/Ya-no-volveran/,True,True,False,False,True
5672,Yo lo mismo te perdono,Vals,https://www.todotango.com/musica/tema/10224/Yo-lo-mismo-te-perdono/,True,False,False,False,True
5686,Yo no sé qué me han hecho tus ojos,Vals,https://www.todotango.com/musica/tema/817/Yo-no-se-que-me-han-hecho-tus-ojos/,True,True,True,True,True
5691,Yo quiero que tú sepas,Vals,https://www.todotango.com/musica/tema/7679/Yo-quiero-que-tu-sepas/,True,True,False,False,True
5714,Yo tan sólo veinte años tenía,Vals,https://www.todotango.com/musica/tema/1054/Yo-tan-solo-veinte-anos-tenia/,True,False,False,True,True
5723,Yo tengo una novia,Vals,https://www.todotango.com/musica/tema/754/Yo-tengo-una-novia/,True,True,False,False,True
5730,Zaguanes de barrio,Vals,https://www.todotango.com/musica/tema/6963/Zaguanes-de-barrio/,True,False,False,False,True
